{"x":7.1687474,"y":3.0975037}