{"x":10.101713,"y":3.185511}