{"x":15.034999,"y":6.390834}