{"x":8.401634,"y":2.6150012}