{"x":13.4107895,"y":6.166309}