{"x":13.815009,"y":5.605831}