{"x":18.058403,"y":3.423332}